,Time,force_x,force_y,force_z,torque_x,torque_y,torque_z,position_x,surge_vel
0,0.0,0.0,0.0,0.0,0.0,0.0,0.0,0.0,0.0
1,0.1,0.0,0.0,0.0,0.0,0.0,0.0,0.0,0.0
2,0.2,0.0,0.0,0.0,0.0,0.0,0.0,0.0,0.0
3,0.3,0.0,0.0,0.0,0.0,0.0,0.0,0.0,0.0
4,0.4,0.0,0.0,0.0,0.0,0.0,0.0,0.0,0.0
5,0.5,0.0,0.0,0.0,0.0,0.0,0.0,0.0,0.0
6,0.6,0.0,0.0,0.0,0.0,0.0,0.0,0.0,0.0
7,0.7,0.0,0.0,0.0,0.0,0.0,0.0,0.0,0.0
8,0.8,0.0,0.0,0.0,0.0,0.0,0.0,0.0,0.0
9,0.9,0.0,0.0,0.0,0.0,0.0,0.0,0.0,0.0
10,1.0,10.0,0.0,0.0,0.0,0.0,0.0,0.0,0.0
11,1.1,10.0,0.0,0.0,0.0,0.0,0.0,0.0,0.03333333333333333
12,1.2,10.0,0.0,0.0,0.0,0.0,0.0,0.0033333333333333335,0.06333333333333332
13,1.3,10.0,0.0,0.0,0.0,0.0,0.0,0.009666666666666667,0.09033333333333332
14,1.4,10.0,0.0,0.0,0.0,0.0,0.0,0.0187,0.11463333333333332
15,1.5,10.0,0.0,0.0,0.0,0.0,0.0,0.030163333333333334,0.1365033333333333
16,1.6,10.0,0.0,0.0,0.0,0.0,0.0,0.04381366666666667,0.15618633333333332
17,1.7,10.0,0.0,0.0,0.0,0.0,0.0,0.0594323,0.17390103333333332
18,1.8,10.0,0.0,0.0,0.0,0.0,0.0,0.07682240333333333,0.18984426333333332
19,1.9,10.0,0.0,0.0,0.0,0.0,0.0,0.09580682966666666,0.2041931703333333
20,2.0,10.0,0.0,0.0,0.0,0.0,0.0,0.11622614669999999,0.2171071866333333
21,2.1,10.0,0.0,0.0,0.0,0.0,0.0,0.13793686536333333,0.2287298013033333
22,2.2,10.0,0.0,0.0,0.0,0.0,0.0,0.16080984549366667,0.23919015450633332
23,2.3,10.0,0.0,0.0,0.0,0.0,0.0,0.1847288609443,0.24860447238903333
24,2.4,10.0,0.0,0.0,0.0,0.0,0.0,0.20958930818320332,0.2570773584834633
25,2.5,10.0,0.0,0.0,0.0,0.0,0.0,0.23529704403154966,0.2647029559684503
26,2.6,10.0,0.0,0.0,0.0,0.0,0.0,0.2617673396283947,0.2715659937049386
27,2.7,10.0,0.0,0.0,0.0,0.0,0.0,0.2889239389988886,0.2777427276677781
28,2.8,10.0,0.0,0.0,0.0,0.0,0.0,0.31669821176566637,0.2833017882343336
29,2.9,10.0,0.0,0.0,0.0,0.0,0.0,0.34502839058909973,0.28830494274423357
30,3.0,10.0,0.0,0.0,0.0,0.0,0.0,0.3738588848635231,0.29280778180314354
31,3.1,10.0,0.0,0.0,0.0,0.0,0.0,0.4031396630438374,0.29686033695616254
32,3.2,10.0,0.0,0.0,0.0,0.0,0.0,0.43282569673945365,0.30050763659387963
33,3.3,10.0,0.0,0.0,0.0,0.0,0.0,0.4628764603988416,0.303790206267825
34,3.4,10.0,0.0,0.0,0.0,0.0,0.0,0.4932554810256241,0.3067445189743758
35,3.5,10.0,0.0,0.0,0.0,0.0,0.0,0.5239299329230617,0.3094034004102716
36,3.6,10.0,0.0,0.0,0.0,0.0,0.0,0.5548702729640889,0.3117963937025778
37,3.7,10.0,0.0,0.0,0.0,0.0,0.0,0.5860499123343467,0.31395008766565335
38,3.8,10.0,0.0,0.0,0.0,0.0,0.0,0.617444921100912,0.31588841223242137
39,3.9,10.0,0.0,0.0,0.0,0.0,0.0,0.6490337623241541,0.31763290434251257
40,4.0,10.0,0.0,0.0,0.0,0.0,0.0,0.6807970527584054,0.31920294724159465
41,4.1,10.0,0.0,0.0,0.0,0.0,0.0,0.7127173474825649,0.3206159858507685
42,4.2,10.0,0.0,0.0,0.0,0.0,0.0,0.7447789460676417,0.321887720599025
43,4.3,10.0,0.0,0.0,0.0,0.0,0.0,0.7769677181275442,0.3230322818724558
44,4.4,10.0,0.0,0.0,0.0,0.0,0.0,0.8092709463147898,0.32406238701854356
45,4.5,10.0,0.0,0.0,0.0,0.0,0.0,0.8416771850166441,0.32498948165002256
46,4.6,10.0,0.0,0.0,0.0,0.0,0.0,0.8741761331816463,0.3258238668183536
47,4.7,10.0,0.0,0.0,0.0,0.0,0.0,0.9067585198634817,0.3265748134698516
48,4.8,10.0,0.0,0.0,0.0,0.0,0.0,0.9394160012104669,0.3272506654561998
49,4.9,10.0,0.0,0.0,0.0,0.0,0.0,0.9721410677560869,0.32785893224391316
50,5.0,10.0,0.0,0.0,0.0,0.0,0.0,1.0049269609804783,0.3284063723528552
51,5.1,10.0,0.0,0.0,0.0,0.0,0.0,1.0377675982157637,0.328899068450903
52,5.2,10.0,0.0,0.0,0.0,0.0,0.0,1.070657505060854,0.329342494939146
53,5.3,10.0,0.0,0.0,0.0,0.0,0.0,1.1035917545547687,0.32974157877856475
54,5.4,10.0,0.0,0.0,0.0,0.0,0.0,1.136565912432625,0.3301007542340416
55,5.5,10.0,0.0,0.0,0.0,0.0,0.0,1.1695759878560292,0.33042401214397077
56,5.6,10.0,0.0,0.0,0.0,0.0,0.0,1.2026183890704263,0.33071494426290704
57,5.7,10.0,0.0,0.0,0.0,0.0,0.0,1.235689883496717,0.33097678316994966
58,5.8,10.0,0.0,0.0,0.0,0.0,0.0,1.2687875618137119,0.33121243818628804
59,5.9,10.0,0.0,0.0,0.0,0.0,0.0,1.3019088056323407,0.33142452770099257
60,6.0,10.0,0.0,0.0,0.0,0.0,0.0,1.3350512584024399,0.33161540826422664
61,6.1,10.0,0.0,0.0,0.0,0.0,0.0,1.3682127992288626,0.3317872007711373
62,6.2,10.0,0.0,0.0,0.0,0.0,0.0,1.4013915193059763,0.3319418140273569
63,6.3,10.0,0.0,0.0,0.0,0.0,0.0,1.434585700708712,0.33208096595795455
64,6.4,10.0,0.0,0.0,0.0,0.0,0.0,1.4677937973045074,0.33220620269549245
65,6.5,10.0,0.0,0.0,0.0,0.0,0.0,1.5010144175740567,0.3323189157592765
66,6.6,10.0,0.0,0.0,0.0,0.0,0.0,1.5342463091499843,0.3324203575166822
67,6.7,10.0,0.0,0.0,0.0,0.0,0.0,1.5674883449016526,0.3325116550983473
68,6.8,10.0,0.0,0.0,0.0,0.0,0.0,1.6007395104114872,0.3325938229218459
69,6.9,10.0,0.0,0.0,0.0,0.0,0.0,1.6339988927036717,0.33266777396299463
70,7.0,10.0,0.0,0.0,0.0,0.0,0.0,1.667265670099971,0.3327343299000285
71,7.1,10.0,0.0,0.0,0.0,0.0,0.0,1.700539103089974,0.33279423024335897
72,7.2,10.0,0.0,0.0,0.0,0.0,0.0,1.7338185261143098,0.3328481405523564
73,7.3,10.0,0.0,0.0,0.0,0.0,0.0,1.7671033401695453,0.3328966598304541
74,7.4,10.0,0.0,0.0,0.0,0.0,0.0,1.8003930061525908,0.332940327180742
75,7.5,10.0,0.0,0.0,0.0,0.0,0.0,1.833687038870665,0.33297962779600115
76,7.6,10.0,0.0,0.0,0.0,0.0,0.0,1.8669850016502652,0.33301499834973436
77,7.7,10.0,0.0,0.0,0.0,0.0,0.0,1.9002865014852386,0.33304683184809425
78,7.8,10.0,0.0,0.0,0.0,0.0,0.0,1.933591184670048,0.3330754819966182
79,7.9,10.0,0.0,0.0,0.0,0.0,0.0,1.9668987328697098,0.3331012671302897
80,8.0,10.0,0.0,0.0,0.0,0.0,0.0,2.000208859582739,0.33312447375059406
81,8.1,10.0,0.0,0.0,0.0,0.0,0.0,2.033521306957798,0.333145359708868
82,8.2,10.0,0.0,0.0,0.0,0.0,0.0,2.066835842928685,0.3331641570713145
83,8.3,10.0,0.0,0.0,0.0,0.0,0.0,2.1001522586358163,0.3331810746975164
84,8.4,10.0,0.0,0.0,0.0,0.0,0.0,2.133470366105568,0.3331963005610981
85,8.5,10.0,0.0,0.0,0.0,0.0,0.0,2.1667899961616777,0.3332100038383216
86,8.6,10.0,0.0,0.0,0.0,0.0,0.0,2.2001109965455097,0.33322233678782276
87,8.7,10.0,0.0,0.0,0.0,0.0,0.0,2.233433230224292,0.3332334364423738
88,8.8,10.0,0.0,0.0,0.0,0.0,0.0,2.266756573868529,0.33324342613146973
89,8.9,10.0,0.0,0.0,0.0,0.0,0.0,2.3000809164816762,0.3332524168516561
90,9.0,10.0,0.0,0.0,0.0,0.0,0.0,2.333406158166842,0.3332605084998238
91,9.1,10.0,0.0,0.0,0.0,0.0,0.0,2.366732209016824,0.33326779098317477
92,9.2,10.0,0.0,0.0,0.0,0.0,0.0,2.4000589881151417,0.3332743452181906
93,9.3,10.0,0.0,0.0,0.0,0.0,0.0,2.4333864226369606,0.33328024402970485
94,9.4,10.0,0.0,0.0,0.0,0.0,0.0,2.466714447039931,0.3332855529600677
95,9.5,10.0,0.0,0.0,0.0,0.0,0.0,2.500043002335938,0.33329033099739425
96,9.6,10.0,0.0,0.0,0.0,0.0,0.0,2.5333720354356775,0.3332946312309881
97,9.7,10.0,0.0,0.0,0.0,0.0,0.0,2.566701498558776,0.33329850144122264
98,9.8,10.0,0.0,0.0,0.0,0.0,0.0,2.6000313487028985,0.3333019846304337
99,9.9,10.0,0.0,0.0,0.0,0.0,0.0,2.6333615471659417,0.33330511950072367
100,10.0,10.0,0.0,0.0,0.0,0.0,0.0,2.666692059116014,0.33330794088398463
101,10.1,10.0,0.0,0.0,0.0,0.0,0.0,2.7000228532044126,0.3333104801289195
102,10.2,10.0,0.0,0.0,0.0,0.0,0.0,2.7333539012173045,0.3333127654493609
103,10.3,10.0,0.0,0.0,0.0,0.0,0.0,2.7666851777622408,0.33331482223775816
104,10.4,10.0,0.0,0.0,0.0,0.0,0.0,2.800016659986017,0.3333166733473157
105,10.5,10.0,0.0,0.0,0.0,0.0,0.0,2.8333483273207483,0.3333183393459174
106,10.6,10.0,0.0,0.0,0.0,0.0,0.0,2.86668016125534,0.33331983874465904
107,10.7,10.0,0.0,0.0,0.0,0.0,0.0,2.9000121451298058,0.33332118820352646
108,10.8,10.0,0.0,0.0,0.0,0.0,0.0,2.9333442639501586,0.33332240271650715
109,10.9,10.0,0.0,0.0,0.0,0.0,0.0,2.9666765042218093,0.33332349577818976
110,11.0,0.0,0.0,0.0,0.0,0.0,0.0,3.000008853799628,0.33332447953370414
111,11.1,0.0,0.0,0.0,0.0,0.0,0.0,3.0333413017529987,0.2999920315803337
112,11.2,0.0,0.0,0.0,0.0,0.0,0.0,3.063340504911032,0.2699928284223003
113,11.3,0.0,0.0,0.0,0.0,0.0,0.0,3.090339787753262,0.2429935455800703
114,11.4,0.0,0.0,0.0,0.0,0.0,0.0,3.114639142311269,0.21869419102206328
115,11.5,0.0,0.0,0.0,0.0,0.0,0.0,3.1365085614134753,0.19682477191985695
116,11.6,0.0,0.0,0.0,0.0,0.0,0.0,3.1561910386054612,0.17714229472787124
117,11.7,0.0,0.0,0.0,0.0,0.0,0.0,3.1739052680782485,0.15942806525508413
118,11.8,0.0,0.0,0.0,0.0,0.0,0.0,3.189848074603757,0.1434852587295757
119,11.9,0.0,0.0,0.0,0.0,0.0,0.0,3.2041966004767146,0.12913673285661814
120,12.0,-10.0,0.0,0.0,0.0,0.0,0.0,3.2171102737623762,0.11622305957095633
121,12.1,-10.0,0.0,0.0,0.0,0.0,0.0,3.228732579719472,0.07126742028052736
122,12.2,-10.0,0.0,0.0,0.0,0.0,0.0,3.2358593217475247,0.03080734491914129
123,12.3,-10.0,0.0,0.0,0.0,0.0,0.0,3.238940056239439,-0.005606722906106171
124,12.4,-10.0,0.0,0.0,0.0,0.0,0.0,3.2383793839488284,-0.03837938394882889
125,12.5,-10.0,0.0,0.0,0.0,0.0,0.0,3.2345414455539454,-0.06787477888727933
126,12.6,-10.0,0.0,0.0,0.0,0.0,0.0,3.2277539676652176,-0.09442063433188473
127,12.7,-10.0,0.0,0.0,0.0,0.0,0.0,3.218311904232029,-0.11831190423202959
128,12.8,-10.0,0.0,0.0,0.0,0.0,0.0,3.2064807138088263,-0.13981404714215995
129,12.9,-10.0,0.0,0.0,0.0,0.0,0.0,3.19249930909461,-0.15916597576127728
130,13.0,-10.0,0.0,0.0,0.0,0.0,0.0,3.1765827115184826,-0.17658271151848287
131,13.1,-10.0,0.0,0.0,0.0,0.0,0.0,3.158924440366634,-0.1922577736999679
132,13.2,-10.0,0.0,0.0,0.0,0.0,0.0,3.1396986629966372,-0.20636532966330445
133,13.3,-10.0,0.0,0.0,0.0,0.0,0.0,3.119062130030307,-0.21906213003030733
134,13.4,-10.0,0.0,0.0,0.0,0.0,0.0,3.097155917027276,-0.23048925036060994
135,13.5,-10.0,0.0,0.0,0.0,0.0,0.0,3.0741069919912154,-0.24077365865788228
136,13.6,-10.0,0.0,0.0,0.0,0.0,0.0,3.0500296261254274,-0.2500296261254274
137,13.7,-10.0,0.0,0.0,0.0,0.0,0.0,3.0250266635128846,-0.25835999684621797
138,13.8,-10.0,0.0,0.0,0.0,0.0,0.0,2.999190663828263,-0.2658573304949295
139,13.9,-10.0,0.0,0.0,0.0,0.0,0.0,2.97260493077877,-0.27260493077876985
140,14.0,-10.0,0.0,0.0,0.0,0.0,0.0,2.9453444377008933,-0.2786777710342262
141,14.1,-10.0,0.0,0.0,0.0,0.0,0.0,2.9174766605974707,-0.28414332726413694
142,14.2,-10.0,0.0,0.0,0.0,0.0,0.0,2.889062327871057,-0.28906232787105657
143,14.3,-10.0,0.0,0.0,0.0,0.0,0.0,2.8601560950839513,-0.29348942841728426
144,14.4,-10.0,0.0,0.0,0.0,0.0,0.0,2.830807152242223,-0.2974738189088892
145,14.5,-10.0,0.0,0.0,0.0,0.0,0.0,2.801059770351334,-0.3010597703513336
146,14.6,-10.0,0.0,0.0,0.0,0.0,0.0,2.7709537933162003,-0.30428712664953356
147,14.7,-10.0,0.0,0.0,0.0,0.0,0.0,2.740525080651247,-0.30719174731791354
148,14.8,-10.0,0.0,0.0,0.0,0.0,0.0,2.7098059059194557,-0.3098059059194555
149,14.9,-10.0,0.0,0.0,0.0,0.0,0.0,2.67882531532751,-0.3121586486608433
150,15.0,-10.0,0.0,0.0,0.0,0.0,0.0,2.6476094504614256,-0.31427611712809234
151,15.1,-10.0,0.0,0.0,0.0,0.0,0.0,2.6161818387486164,-0.31618183874861644
152,15.2,-10.0,0.0,0.0,0.0,0.0,0.0,2.584563654873755,-0.3178969882070881
153,15.3,-10.0,0.0,0.0,0.0,0.0,0.0,2.5527739560530462,-0.31944062271971263
154,15.4,-10.0,0.0,0.0,0.0,0.0,0.0,2.520829893781075,-0.3208298937810747
155,15.5,-10.0,0.0,0.0,0.0,0.0,0.0,2.4887469044029675,-0.32208023773630057
156,15.6,-10.0,0.0,0.0,0.0,0.0,0.0,2.4565388806293376,-0.3232055472960038
157,15.7,-10.0,0.0,0.0,0.0,0.0,0.0,2.424218325899737,-0.32421832589973676
158,15.8,-10.0,0.0,0.0,0.0,0.0,0.0,2.3917964933097635,-0.3251298266430964
159,15.9,-10.0,0.0,0.0,0.0,0.0,0.0,2.359283510645454,-0.3259501773121201
160,16.0,-10.0,0.0,0.0,0.0,0.0,0.0,2.3266884929142417,-0.32668849291424146
161,16.1,-10.0,0.0,0.0,0.0,0.0,0.0,2.2940196436228177,-0.3273529769561506
162,16.2,-10.0,0.0,0.0,0.0,0.0,0.0,2.2612843459272027,-0.3279510125938689
163,16.3,-10.0,0.0,0.0,0.0,0.0,0.0,2.228489244667816,-0.3284892446678153
164,16.4,-10.0,0.0,0.0,0.0,0.0,0.0,2.1956403202010346,-0.32897365353436714
165,16.5,-10.0,0.0,0.0,0.0,0.0,0.0,2.162742954847598,-0.3294096215142638
166,16.6,-10.0,0.0,0.0,0.0,0.0,0.0,2.1298019926961715,-0.3298019926961707
167,16.7,-10.0,0.0,0.0,0.0,0.0,0.0,2.0968217934265545,-0.330155126759887
168,16.8,-10.0,0.0,0.0,0.0,0.0,0.0,2.063806280750566,-0.33047294741723166
169,16.9,-10.0,0.0,0.0,0.0,0.0,0.0,2.0307589860088426,-0.3307589860088418
170,17.0,-10.0,0.0,0.0,0.0,0.0,0.0,1.9976830874079585,-0.33101642074129095
171,17.1,-10.0,0.0,0.0,0.0,0.0,0.0,1.9645814453338295,-0.3312481120004952
172,17.2,-10.0,0.0,0.0,0.0,0.0,0.0,1.93145663413378,-0.331456634133779
173,17.3,-10.0,0.0,0.0,0.0,0.0,0.0,1.898310970720402,-0.33164430405373446
174,17.4,-10.0,0.0,0.0,0.0,0.0,0.0,1.8651465403150285,-0.33181320698169436
175,17.5,-10.0,0.0,0.0,0.0,0.0,0.0,1.831965219616859,-0.33196521961685826
176,17.6,-10.0,0.0,0.0,0.0,0.0,0.0,1.798768697655173,-0.33210203098850577
177,17.7,-10.0,0.0,0.0,0.0,0.0,0.0,1.7655584945563225,-0.3322251612229885
178,17.8,-10.0,0.0,0.0,0.0,0.0,0.0,1.7323359784340238,-0.33233597843402296
179,17.9,-10.0,0.0,0.0,0.0,0.0,0.0,1.6991023805906216,-0.332435713923954
180,18.0,-10.0,0.0,0.0,0.0,0.0,0.0,1.6658588091982263,-0.3325254758648919
181,18.1,-10.0,0.0,0.0,0.0,0.0,0.0,1.6326062616117372,-0.332606261611736
182,18.2,-10.0,0.0,0.0,0.0,0.0,0.0,1.5993456354505635,-0.33267896878389575
183,18.3,-10.0,0.0,0.0,0.0,0.0,0.0,1.566077738572174,-0.3327444052388395
184,18.4,-10.0,0.0,0.0,0.0,0.0,0.0,1.53280329804829,-0.3328032980482889
185,18.5,-10.0,0.0,0.0,0.0,0.0,0.0,1.499522968243461,-0.33285630157679336
186,18.6,-10.0,0.0,0.0,0.0,0.0,0.0,1.4662373380857816,-0.33290400475244736
187,18.7,-10.0,0.0,0.0,0.0,0.0,0.0,1.4329469376105368,-0.33294693761053595
188,18.8,-10.0,0.0,0.0,0.0,0.0,0.0,1.3996522438494832,-0.3329855771828157
189,18.9,-10.0,0.0,0.0,0.0,0.0,0.0,1.3663536861312016,-0.33302035279786746
190,19.0,-10.0,0.0,0.0,0.0,0.0,0.0,1.3330516508514147,-0.333051650851414
191,19.1,-10.0,0.0,0.0,0.0,0.0,0.0,1.2997464857662733,-0.33307981909960593
192,19.2,-10.0,0.0,0.0,0.0,0.0,0.0,1.2664385038563126,-0.33310517052297867
193,19.3,-10.0,0.0,0.0,0.0,0.0,0.0,1.2331279868040148,-0.3331279868040141
194,19.4,-10.0,0.0,0.0,0.0,0.0,0.0,1.1998151881236134,-0.33314852145694607
195,19.5,-10.0,0.0,0.0,0.0,0.0,0.0,1.166500335977919,-0.33316700264458476
196,19.6,-10.0,0.0,0.0,0.0,0.0,0.0,1.1331836357134604,-0.3331836357134596
197,19.7,-10.0,0.0,0.0,0.0,0.0,0.0,1.0998652721421145,-0.333198605475447
198,19.8,-10.0,0.0,0.0,0.0,0.0,0.0,1.0665454115945698,-0.3332120782612356
199,19.9,-10.0,0.0,0.0,0.0,0.0,0.0,1.0332242037684463,-0.33322420376844536
200,20.0,-10.0,0.0,0.0,0.0,0.0,0.0,0.9999017833916017,-0.33323511672493417
201,20.1,-10.0,0.0,0.0,0.0,0.0,0.0,0.9665782717191084,-0.33324493838577407
202,20.2,-10.0,0.0,0.0,0.0,0.0,0.0,0.933253777880531,-0.33325377788053
203,20.3,-10.0,0.0,0.0,0.0,0.0,0.0,0.899928400092478,-0.33326173342581034
204,20.4,-10.0,0.0,0.0,0.0,0.0,0.0,0.866602226749897,-0.33326889341656263
205,20.5,-10.0,0.0,0.0,0.0,0.0,0.0,0.8332753374082407,-0.33327533740823967
206,20.6,-10.0,0.0,0.0,0.0,0.0,0.0,0.7999478036674167,-0.333281137000749
207,20.7,-10.0,0.0,0.0,0.0,0.0,0.0,0.7666196899673418,-0.33328635663400746
208,20.8,-10.0,0.0,0.0,0.0,0.0,0.0,0.733291054303941,-0.33329105430394007
209,20.9,-10.0,0.0,0.0,0.0,0.0,0.0,0.699961948873547,-0.3332952822068794
210,21.0,-10.0,0.0,0.0,0.0,0.0,0.0,0.6666324206528591,-0.3332990873195248
211,21.1,-10.0,0.0,0.0,0.0,0.0,0.0,0.6333025119209066,-0.33330251192090565
212,21.2,-10.0,0.0,0.0,0.0,0.0,0.0,0.599972260728816,-0.33330559406214844
213,21.3,-10.0,0.0,0.0,0.0,0.0,0.0,0.5666417013226012,-0.33330836798926694
214,21.4,-10.0,0.0,0.0,0.0,0.0,0.0,0.5333108645236745,-0.3333108645236736
215,21.5,-10.0,0.0,0.0,0.0,0.0,0.0,0.4999797780713071,-0.33331311140463954
216,21.6,-10.0,0.0,0.0,0.0,0.0,0.0,0.46664846693084316,-0.3333151335975089
217,21.7,-10.0,0.0,0.0,0.0,0.0,0.0,0.4333169535710923,-0.33331695357109137
218,21.8,-10.0,0.0,0.0,0.0,0.0,0.0,0.3999852582139832,-0.3333185915473156
219,21.9,-10.0,0.0,0.0,0.0,0.0,0.0,0.3666533990592516,-0.3333200657259173
220,22.0,0.0,0.0,0.0,0.0,0.0,0.0,0.3333213924866599,-0.33332139248665893
221,22.1,0.0,0.0,0.0,0.0,0.0,0.0,0.29998925323799397,-0.299989253237993
222,22.2,0.0,0.0,0.0,0.0,0.0,0.0,0.26999032791419464,-0.26999032791419375
223,22.3,0.0,0.0,0.0,0.0,0.0,0.0,0.24299129512277526,-0.24299129512277437
224,22.4,0.0,0.0,0.0,0.0,0.0,0.0,0.2186921656104978,-0.21869216561049692
225,22.5,0.0,0.0,0.0,0.0,0.0,0.0,0.1968229490494481,-0.19682294904944722
226,22.6,0.0,0.0,0.0,0.0,0.0,0.0,0.1771406541445034,-0.1771406541445025
227,22.7,0.0,0.0,0.0,0.0,0.0,0.0,0.15942658873005314,-0.15942658873005225
228,22.8,0.0,0.0,0.0,0.0,0.0,0.0,0.14348392985704791,-0.14348392985704703
229,22.9,0.0,0.0,0.0,0.0,0.0,0.0,0.12913553687134322,-0.12913553687134233
